quarter,senator,party,state,approve,disapprove,net,lean,pars_538
2019-03-31,Jones,D,Alabama,40,34,6,-29.43,33
2019-03-31,Shelby,R,Alabama,46,25,21,29.43,-6
2019-03-31,Murkowski,R,Alaska,43,36,7,18.83,-9
2019-03-31,Sullivan,R,Alaska,38,32,6,18.83,-9
2019-03-31,McSally,R,Arizona,35,35,0,8.3,-9
2019-03-31,Sinema,D,Arizona,42,29,13,-8.3,21
2019-03-31,Boozman,R,Arkansas,46,25,21,29.96,-3
2019-03-31,Cotton,R,Arkansas,48,29,19,29.96,-5
2019-03-31,Feinstein,D,California,43,35,8,26.71,-16
2019-03-31,Harris,D,California,43,29,14,26.71,-11
2019-03-31,Bennet,D,Colorado,39,28,11,2.62,9
2019-03-31,Gardner,R,Colorado,35,35,0,-2.62,1
2019-03-31,Blumenthal,D,Connecticut,46,36,10,12.57,-1
2019-03-31,Murphy,D,Connecticut,49,32,17,12.57,6
2019-03-31,Carper,D,Delaware,51,30,21,11.46,7
2019-03-31,Coons,D,Delaware,52,29,23,11.46,9
2019-03-31,Rubio,R,Florida,44,35,9,3.36,5
2019-03-31,R. Scott,R,Florida,42,35,7,3.36,2
2019-03-31,Isakson,R,Georgia,41,24,17,8.96,6
2019-03-31,Perdue,R,Georgia,47,25,22,8.96,10
2019-03-31,Hirono,D,Hawaii,47,34,13,35.09,-22
2019-03-31,Schatz,D,Hawaii,53,25,28,35.09,-8
2019-03-31,Crapo,R,Idaho,46,26,20,38.1,-15
2019-03-31,Risch,R,Idaho,43,23,20,38.1,-15
2019-03-31,Duckworth,D,Illinois,41,31,10,14.96,-2
2019-03-31,Durbin,D,Illinois,37,35,2,14.96,-10
2019-03-31,Braun,R,Indiana,40,27,13,19.76,-5
2019-03-31,Young,R,Indiana,39,25,14,19.76,-4
2019-03-31,Ernst,R,Iowa,40,37,3,7.33,-3
2019-03-31,Grassley,R,Iowa,42,39,3,7.33,-3
2019-03-31,Moran,R,Kansas,37,28,9,24.98,-13
2019-03-31,Roberts,R,Kansas,35,34,1,24.98,-23
2019-03-31,McConnell,R,Kentucky,36,50,-14,31.44,-36
2019-03-31,Paul,R,Kentucky,41,38,3,31.44,-21
2019-03-31,Cassidy,R,Louisiana,47,24,23,22.18,6
2019-03-31,Kennedy,R,Louisiana,49,23,26,22.18,8
2019-03-31,Collins,R,Maine,52,39,13,-4.58,18
2019-03-31,King,I,Maine,58,29,29,4.58,25
2019-03-31,Cardin,D,Maryland,50,22,28,24.78,5
2019-03-31,Van Hollen,D,Maryland,45,21,24,24.78,2
2019-03-31,Markey,D,Massachusetts,49,23,26,24.6,29
2019-03-31,Warren,D,Massachusetts,49,40,9,24.6,-20
2019-03-31,Peters,D,Michigan,33,23,10,0.32,9
2019-03-31,Stabenow,D,Michigan,46,33,13,0.32,12
2019-03-31,Klobuchar,D,Minnesota,58,26,32,1.04,30
2019-03-31,Smith,D,Minnesota,42,24,18,1.04,16
2019-03-31,Hyde-Smith,R,Mississippi,38,37,1,18.67,-14
2019-03-31,Wicker,R,Mississippi,45,28,17,18.67,3
2019-03-31,Blunt,R,Missouri,38,35,3,19.03,-16
2019-03-31,Hawley,R,Missouri,37,30,7,19.03,-12
2019-03-31,Daines,R,Montana,44,31,13,22.24,-5
2019-03-31,Tester,D,Montana,50,38,12,-22.24,30
2019-03-31,Fischer,R,Nebraska,46,34,12,28.28,-12
2019-03-31,Sasse,R,Nebraska,49,27,22,28.28,-1
2019-03-31,Cortez Masto,D,Nevada,38,31,7,1.16,8
2019-03-31,Rosen,D,Nevada,39,32,7,1.16,8
2019-03-31,Hassan,D,New Hampshire,50,33,17,-0.63,19
2019-03-31,Shaheen,D,New Hampshire,53,32,21,-0.63,23
2019-03-31,Booker,D,New Jersey,47,33,14,12.88,0
2019-03-31,Menendez,D,New Jersey,33,43,-10,12.88,-23
2019-03-31,Heinrich,D,New Mexico,39,32,7,6.96,1
2019-03-31,Udall,D,New Mexico,39,31,8,6.96,2
2019-03-31,Gillibrand,D,New York,43,30,13,22.38,-9
2019-03-31,Schumer,D,New York,47,35,12,22.38,-10
2019-03-31,Burr,R,North Carolina,38,31,7,6.02,3
2019-03-31,Tillis,R,North Carolina,34,33,1,6.02,-3
2019-03-31,Cramer,R,North Dakota,43,35,8,35.91,-25
2019-03-31,Hoeven,R,North Dakota,55,22,33,35.91,0
2019-03-31,Brown,D,Ohio,45,28,17,-7.35,24
2019-03-31,Portman,R,Ohio,39,28,11,7.35,3
2019-03-31,Inhofe,R,Oklahoma,41,29,12,39.74,-22
2019-03-31,Lankford,R,Oklahoma,41,26,15,39.74,-19
2019-03-31,Merkley,D,Oregon,46,28,18,9.6,9
2019-03-31,Wyden,D,Oregon,50,26,24,9.6,15
2019-03-31,Casey,D,Pennsylvania,44,29,15,-1.52,16
2019-03-31,Toomey,R,Pennsylvania,38,33,5,1.52,4
2019-03-31,Reed,D,Rhode Island,49,27,22,17.66,-4
2019-03-31,Whitehouse,D,Rhode Island,46,35,11,17.66,-15
2019-03-31,Graham,R,South Carolina,52,31,21,16.31,4
2019-03-31,T. Scott,R,South Carolina,51,21,30,16.31,13
2019-03-31,Rounds,R,South Dakota,56,28,28,30.14,-3
2019-03-31,Thune,R,South Dakota,55,31,24,30.14,-7
2019-03-31,Alexander,R,Tennessee,43,30,13,27.84,-15
2019-03-31,Blackburn,R,Tennessee,43,33,10,27.84,-18
2019-03-31,Cornyn,R,Texas,42,25,17,14.29,0
2019-03-31,Cruz,R,Texas,48,35,13,14.29,-4
2019-03-31,Lee,R,Utah,45,27,18,36.75,-14
2019-03-31,Romney,R,Utah,50,29,21,36.75,-10
2019-03-31,Leahy,D,Vermont,59,28,31,29.71,7
2019-03-31,Sanders,I,Vermont,62,31,31,29.71,7
2019-03-31,Kaine,D,Virginia,46,33,13,2.29,13
2019-03-31,Warner,D,Virginia,48,29,19,2.29,19
2019-03-31,Cantwell,D,Washington,48,29,19,14,7
2019-03-31,Murray,D,Washington,47,29,18,14,6
2019-03-31,Moore Capito,R,West Virginia,48,30,18,41.58,-12
2019-03-31,Manchin,D,West Virginia,46,41,5,-41.58,35
2019-03-31,Baldwin,D,Wisconsin,48,35,13,-0.84,15
2019-03-31,Johnson,R,Wisconsin,39,33,6,0.84,5
2019-03-31,Barrasso,R,Wyoming,56,26,30,51.08,-18
2019-03-31,Enzi,R,Wyoming,52,23,29,51.08,-18
2018-12-31,Jones,D,Alabama,40,35,5,-29.43,
2018-12-31,Shelby,R,Alabama,47,27,20,29.43,
2018-12-31,Murkowski,R,Alaska,39,42,-3,18.83,
2018-12-31,Sullivan,R,Alaska,40,33,7,18.83,
2018-12-31,Kyl,R,Arizona,35,24,11,8.3,
2018-12-31,Flake,R,Arizona,28,49,-21,8.3,
2018-12-31,Boozman,R,Arkansas,47,26,21,29.96,
2018-12-31,Cotton,R,Arkansas,47,31,16,29.96,
2018-12-31,Feinstein,D,California,43,37,6,26.71,
2018-12-31,Harris,D,California,43,29,14,26.71,
2018-12-31,Bennet,D,Colorado,39,29,10,2.62,
2018-12-31,Gardner,R,Colorado,37,35,2,-2.62,
2018-12-31,Blumenthal,D,Connecticut,46,37,9,12.57,
2018-12-31,Murphy,D,Connecticut,48,34,14,12.57,
2018-12-31,Carper,D,Delaware,49,28,21,11.46,
2018-12-31,Coons,D,Delaware,49,29,20,11.46,
2018-12-31,Rubio,R,Florida,41,38,3,3.36,
2018-12-31,Nelson,D,Florida,40,41,-1,-3.36,
2018-12-31,Isakson,R,Georgia,43,27,16,8.96,
2018-12-31,Perdue,R,Georgia,46,28,18,8.96,
2018-12-31,Hirono,D,Hawaii,57,29,28,35.09,
2018-12-31,Schatz,D,Hawaii,58,23,35,35.09,
2018-12-31,Crapo,R,Idaho,46,31,15,38.1,
2018-12-31,Risch,R,Idaho,43,29,14,38.1,
2018-12-31,Duckworth,D,Illinois,41,33,8,14.96,
2018-12-31,Durbin,D,Illinois,36,39,-3,14.96,
2018-12-31,Young,R,Indiana,39,26,13,19.76,
2018-12-31,Donnelly,D,Indiana,39,39,0,-19.76,
2018-12-31,Ernst,R,Iowa,40,37,3,7.33,
2018-12-31,Grassley,R,Iowa,42,40,2,7.33,
2018-12-31,Moran,R,Kansas,38,32,6,24.98,
2018-12-31,Roberts,R,Kansas,36,37,-1,24.98,
2018-12-31,McConnell,R,Kentucky,38,47,-9,31.44,
2018-12-31,Paul,R,Kentucky,43,38,5,31.44,
2018-12-31,Cassidy,R,Louisiana,46,26,20,22.18,
2018-12-31,Kennedy,R,Louisiana,48,24,24,22.18,
2018-12-31,Collins,R,Maine,53,38,15,-4.58,
2018-12-31,King,I,Maine,57,31,26,4.58,
2018-12-31,Cardin,D,Maryland,50,22,28,24.78,
2018-12-31,Van Hollen,D,Maryland,44,21,23,24.78,
2018-12-31,Markey,D,Massachusetts,51,22,29,24.6,
2018-12-31,Warren,D,Massachusetts,51,36,15,24.6,
2018-12-31,Peters,D,Michigan,33,27,6,0.32,
2018-12-31,Stabenow,D,Michigan,46,35,11,0.32,
2018-12-31,Klobuchar,D,Minnesota,58,27,31,1.04,
2018-12-31,Smith,D,Minnesota,43,26,17,1.04,
2018-12-31,Hyde-Smith,R,Mississippi,42,34,8,18.67,
2018-12-31,Wicker,R,Mississippi,50,25,25,18.67,
2018-12-31,Blunt,R,Missouri,39,35,4,19.03,
2018-12-31,McCaskill,D,Missouri,36,49,-13,-19.03,
2018-12-31,Daines,R,Montana,49,30,19,22.24,
2018-12-31,Tester,D,Montana,51,41,10,-22.24,
2018-12-31,Fischer,R,Nebraska,45,36,9,28.28,
2018-12-31,Sasse,R,Nebraska,46,30,16,28.28,
2018-12-31,Cortez Masto,D,Nevada,36,33,3,1.16,
2018-12-31,Heller,R,Nevada,35,45,-10,-1.16,
2018-12-31,Hassan,D,New Hampshire,48,32,16,-0.63,
2018-12-31,Shaheen,D,New Hampshire,51,32,19,-0.63,
2018-12-31,Booker,D,New Jersey,47,33,14,12.88,
2018-12-31,Menendez,D,New Jersey,33,45,-12,12.88,
2018-12-31,Heinrich,D,New Mexico,42,32,10,6.96,
2018-12-31,Udall,D,New Mexico,42,30,12,6.96,
2018-12-31,Gillibrand,D,New York,47,28,19,22.38,
2018-12-31,Schumer,D,New York,47,34,13,22.38,
2018-12-31,Burr,R,North Carolina,40,30,10,6.02,
2018-12-31,Tillis,R,North Carolina,36,32,4,6.02,
2018-12-31,Heitkamp,D,North Dakota,43,35,8,-35.91,
2018-12-31,Hoeven,R,North Dakota,54,25,29,35.91,
2018-12-31,Brown,D,Ohio,46,29,17,-7.35,
2018-12-31,Portman,R,Ohio,38,31,7,7.35,
2018-12-31,Inhofe,R,Oklahoma,38,35,3,39.74,
2018-12-31,Lankford,R,Oklahoma,39,32,7,39.74,
2018-12-31,Merkley,D,Oregon,47,25,22,9.6,
2018-12-31,Wyden,D,Oregon,50,24,26,9.6,
2018-12-31,Casey,D,Pennsylvania,46,29,17,-1.52,
2018-12-31,Toomey,R,Pennsylvania,37,34,3,1.52,
2018-12-31,Reed,D,Rhode Island,54,23,31,17.66,
2018-12-31,Whitehouse,D,Rhode Island,51,33,18,17.66,
2018-12-31,Graham,R,South Carolina,51,32,19,16.31,
2018-12-31,T. Scott,R,South Carolina,52,22,30,16.31,
2018-12-31,Rounds,R,South Dakota,56,29,27,30.14,
2018-12-31,Thune,R,South Dakota,59,27,32,30.14,
2018-12-31,Alexander,R,Tennessee,43,30,13,27.84,
2018-12-31,Corker,R,Tennessee,40,36,4,27.84,
2018-12-31,Cornyn,R,Texas,43,25,18,14.29,
2018-12-31,Cruz,R,Texas,49,35,14,14.29,
2018-12-31,Lee,R,Utah,47,28,19,36.75,
2018-12-31,Hatch,R,Utah,45,37,8,36.75,
2018-12-31,Leahy,D,Vermont,62,23,39,29.71,
2018-12-31,Sanders,I,Vermont,64,28,36,29.71,
2018-12-31,Kaine,D,Virginia,47,32,15,2.29,
2018-12-31,Warner,D,Virginia,49,27,22,2.29,
2018-12-31,Cantwell,D,Washington,47,30,17,14,
2018-12-31,Murray,D,Washington,45,31,14,14,
2018-12-31,Moore Capito,R,West Virginia,44,33,11,41.58,
2018-12-31,Manchin,D,West Virginia,43,44,-1,-41.58,
2018-12-31,Baldwin,D,Wisconsin,49,35,14,-0.84,
2018-12-31,Johnson,R,Wisconsin,38,36,2,0.84,
2018-12-31,Barrasso,R,Wyoming,56,27,29,51.08,
2018-12-31,Enzi,R,Wyoming,62,26,36,51.08,
2018-09-30,Jones,D,Alabama,43,30,13,-29.43,
2018-09-30,Shelby,R,Alabama,48,28,20,29.43,
2018-09-30,Murkowski,R,Alaska,44,36,8,18.83,
2018-09-30,Sullivan,R,Alaska,42,35,7,18.83,
2018-09-30,McCain,R,Arizona,44,45,-1,8.3,
2018-09-30,Flake,R,Arizona,32,49,-17,8.3,
2018-09-30,Boozman,R,Arkansas,46,28,18,29.96,
2018-09-30,Cotton,R,Arkansas,50,32,18,29.96,
2018-09-30,Feinstein,D,California,44,37,7,26.71,
2018-09-30,Harris,D,California,44,30,14,26.71,
2018-09-30,Bennet,D,Colorado,42,32,10,2.62,
2018-09-30,Gardner,R,Colorado,39,37,2,-2.62,
2018-09-30,Blumenthal,D,Connecticut,47,39,8,12.57,
2018-09-30,Murphy,D,Connecticut,46,36,10,12.57,
2018-09-30,Carper,D,Delaware,51,29,22,11.46,
2018-09-30,Coons,D,Delaware,50,30,20,11.46,
2018-09-30,Rubio,R,Florida,41,42,-1,3.36,
2018-09-30,Nelson,D,Florida,39,41,-2,-3.36,
2018-09-30,Isakson,R,Georgia,46,27,19,8.96,
2018-09-30,Perdue,R,Georgia,46,28,18,8.96,
2018-09-30,Hirono,D,Hawaii,57,30,27,35.09,
2018-09-30,Schatz,D,Hawaii,57,26,31,35.09,
2018-09-30,Crapo,R,Idaho,48,30,18,38.1,
2018-09-30,Risch,R,Idaho,46,30,16,38.1,
2018-09-30,Duckworth,D,Illinois,44,33,11,14.96,
2018-09-30,Durbin,D,Illinois,37,40,-3,14.96,
2018-09-30,Young,R,Indiana,41,29,12,19.76,
2018-09-30,Donnelly,D,Indiana,39,38,1,-19.76,
2018-09-30,Ernst,R,Iowa,42,37,5,7.33,
2018-09-30,Grassley,R,Iowa,45,38,7,7.33,
2018-09-30,Moran,R,Kansas,39,34,5,24.98,
2018-09-30,Roberts,R,Kansas,34,41,-7,24.98,
2018-09-30,McConnell,R,Kentucky,33,52,-19,31.44,
2018-09-30,Paul,R,Kentucky,41,40,1,31.44,
2018-09-30,Cassidy,R,Louisiana,46,27,19,22.18,
2018-09-30,Kennedy,R,Louisiana,49,24,25,22.18,
2018-09-30,Collins,R,Maine,53,38,15,-4.58,
2018-09-30,King,I,Maine,58,29,29,4.58,
2018-09-30,Cardin,D,Maryland,46,25,21,24.78,
2018-09-30,Van Hollen,D,Maryland,44,23,21,24.78,
2018-09-30,Markey,D,Massachusetts,49,25,24,24.6,
2018-09-30,Warren,D,Massachusetts,50,40,10,24.6,
2018-09-30,Peters,D,Michigan,33,28,5,0.32,
2018-09-30,Stabenow,D,Michigan,43,37,6,0.32,
2018-09-30,Klobuchar,D,Minnesota,58,26,32,1.04,
2018-09-30,Smith,D,Minnesota,41,24,17,1.04,
2018-09-30,Hyde-Smith,R,Mississippi,39,22,17,18.67,
2018-09-30,Wicker,R,Mississippi,46,27,19,18.67,
2018-09-30,Blunt,R,Missouri,38,38,0,19.03,
2018-09-30,McCaskill,D,Missouri,37,48,-11,-19.03,
2018-09-30,Daines,R,Montana,42,35,7,22.24,
2018-09-30,Tester,D,Montana,52,37,15,-22.24,
2018-09-30,Fischer,R,Nebraska,42,39,3,28.28,
2018-09-30,Sasse,R,Nebraska,43,34,9,28.28,
2018-09-30,Cortez Masto,D,Nevada,37,35,2,1.16,
2018-09-30,Heller,R,Nevada,37,44,-7,-1.16,
2018-09-30,Hassan,D,New Hampshire,50,36,14,-0.63,
2018-09-30,Shaheen,D,New Hampshire,51,36,15,-0.63,
2018-09-30,Booker,D,New Jersey,48,31,17,12.88,
2018-09-30,Menendez,D,New Jersey,31,46,-15,12.88,
2018-09-30,Heinrich,D,New Mexico,45,33,12,6.96,
2018-09-30,Udall,D,New Mexico,47,32,15,6.96,
2018-09-30,Gillibrand,D,New York,45,30,15,22.38,
2018-09-30,Schumer,D,New York,48,36,12,22.38,
2018-09-30,Burr,R,North Carolina,40,32,8,6.02,
2018-09-30,Tillis,R,North Carolina,36,33,3,6.02,
2018-09-30,Heitkamp,D,North Dakota,47,43,4,-35.91,
2018-09-30,Hoeven,R,North Dakota,54,28,26,35.91,
2018-09-30,Brown,D,Ohio,45,29,16,-7.35,
2018-09-30,Portman,R,Ohio,37,33,4,7.35,
2018-09-30,Inhofe,R,Oklahoma,39,38,1,39.74,
2018-09-30,Lankford,R,Oklahoma,40,36,4,39.74,
2018-09-30,Merkley,D,Oregon,46,29,17,9.6,
2018-09-30,Wyden,D,Oregon,52,27,25,9.6,
2018-09-30,Casey,D,Pennsylvania,43,31,12,-1.52,
2018-09-30,Toomey,R,Pennsylvania,35,39,-4,1.52,
2018-09-30,Reed,D,Rhode Island,56,21,35,17.66,
2018-09-30,Whitehouse,D,Rhode Island,50,32,18,17.66,
2018-09-30,Graham,R,South Carolina,43,39,4,16.31,
2018-09-30,T. Scott,R,South Carolina,53,22,31,16.31,
2018-09-30,Rounds,R,South Dakota,54,32,22,30.14,
2018-09-30,Thune,R,South Dakota,58,30,28,30.14,
2018-09-30,Alexander,R,Tennessee,43,33,10,27.84,
2018-09-30,Corker,R,Tennessee,41,36,5,27.84,
2018-09-30,Cornyn,R,Texas,42,27,15,14.29,
2018-09-30,Cruz,R,Texas,49,35,14,14.29,
2018-09-30,Lee,R,Utah,48,29,19,36.75,
2018-09-30,Hatch,R,Utah,47,39,8,36.75,
2018-09-30,Leahy,D,Vermont,61,27,34,29.71,
2018-09-30,Sanders,I,Vermont,63,30,33,29.71,
2018-09-30,Kaine,D,Virginia,45,34,11,2.29,
2018-09-30,Warner,D,Virginia,49,30,19,2.29,
2018-09-30,Cantwell,D,Washington,46,30,16,14,
2018-09-30,Murray,D,Washington,48,32,16,14,
2018-09-30,Moore Capito,R,West Virginia,47,33,14,41.58,
2018-09-30,Manchin,D,West Virginia,44,43,1,-41.58,
2018-09-30,Baldwin,D,Wisconsin,47,36,11,-0.84,
2018-09-30,Johnson,R,Wisconsin,39,36,3,0.84,
2018-09-30,Barrasso,R,Wyoming,48,32,16,51.08,
2018-09-30,Enzi,R,Wyoming,49,26,23,51.08,
2018-06-30,Jones,D,Alabama,45,28,17,-29.43,
2018-06-30,Shelby,R,Alabama,48,30,18,29.43,
2018-06-30,Murkowski,R,Alaska,40,43,-3,18.83,
2018-06-30,Sullivan,R,Alaska,34,38,-4,18.83,
2018-06-30,McCain,R,Arizona,42,46,-4,8.3,
2018-06-30,Flake,R,Arizona,30,51,-21,8.3,
2018-06-30,Boozman,R,Arkansas,46,28,18,29.96,
2018-06-30,Cotton,R,Arkansas,48,34,14,29.96,
2018-06-30,Feinstein,D,California,45,38,7,26.71,
2018-06-30,Harris,D,California,45,29,16,26.71,
2018-06-30,Bennet,D,Colorado,42,30,12,2.62,
2018-06-30,Gardner,R,Colorado,38,37,1,-2.62,
2018-06-30,Blumenthal,D,Connecticut,49,38,11,12.57,
2018-06-30,Murphy,D,Connecticut,49,35,14,12.57,
2018-06-30,Carper,D,Delaware,51,27,24,11.46,
2018-06-30,Coons,D,Delaware,48,31,17,11.46,
2018-06-30,Rubio,R,Florida,42,41,1,3.36,
2018-06-30,Nelson,D,Florida,44,34,10,-3.36,
2018-06-30,Isakson,R,Georgia,46,27,19,8.96,
2018-06-30,Perdue,R,Georgia,47,27,20,8.96,
2018-06-30,Hirono,D,Hawaii,56,27,29,35.09,
2018-06-30,Schatz,D,Hawaii,53,26,27,35.09,
2018-06-30,Crapo,R,Idaho,45,34,11,38.1,
2018-06-30,Risch,R,Idaho,40,32,8,38.1,
2018-06-30,Duckworth,D,Illinois,46,33,13,14.96,
2018-06-30,Durbin,D,Illinois,38,40,-2,14.96,
2018-06-30,Young,R,Indiana,42,28,14,19.76,
2018-06-30,Donnelly,D,Indiana,41,34,7,-19.76,
2018-06-30,Ernst,R,Iowa,42,38,4,7.33,
2018-06-30,Grassley,R,Iowa,45,39,6,7.33,
2018-06-30,Moran,R,Kansas,42,32,10,24.98,
2018-06-30,Roberts,R,Kansas,37,39,-2,24.98,
2018-06-30,McConnell,R,Kentucky,30,56,-26,31.44,
2018-06-30,Paul,R,Kentucky,40,42,-2,31.44,
2018-06-30,Cassidy,R,Louisiana,48,27,21,22.18,
2018-06-30,Kennedy,R,Louisiana,51,25,26,22.18,
2018-06-30,Collins,R,Maine,56,34,22,-4.58,
2018-06-30,King,I,Maine,57,29,28,4.58,
2018-06-30,Cardin,D,Maryland,47,26,21,24.78,
2018-06-30,Van Hollen,D,Maryland,46,23,23,24.78,
2018-06-30,Markey,D,Massachusetts,51,23,28,24.6,
2018-06-30,Warren,D,Massachusetts,53,36,17,24.6,
2018-06-30,Peters,D,Michigan,34,29,5,0.32,
2018-06-30,Stabenow,D,Michigan,40,38,2,0.32,
2018-06-30,Klobuchar,D,Minnesota,60,24,36,1.04,
2018-06-30,Smith,D,Minnesota,37,21,16,1.04,
2018-06-30,Hyde-Smith,R,Mississippi,,,0,18.67,
2018-06-30,Wicker,R,Mississippi,47,27,20,18.67,
2018-06-30,Blunt,R,Missouri,38,39,-1,19.03,
2018-06-30,McCaskill,D,Missouri,40,44,-4,-19.03,
2018-06-30,Daines,R,Montana,40,35,5,22.24,
2018-06-30,Tester,D,Montana,50,36,14,-22.24,
2018-06-30,Fischer,R,Nebraska,44,36,8,28.28,
2018-06-30,Sasse,R,Nebraska,43,34,9,28.28,
2018-06-30,Cortez Masto,D,Nevada,39,34,5,1.16,
2018-06-30,Heller,R,Nevada,37,40,-3,-1.16,
2018-06-30,Hassan,D,New Hampshire,54,32,22,-0.63,
2018-06-30,Shaheen,D,New Hampshire,53,31,22,-0.63,
2018-06-30,Booker,D,New Jersey,48,31,17,12.88,
2018-06-30,Menendez,D,New Jersey,33,41,-8,12.88,
2018-06-30,Heinrich,D,New Mexico,43,32,11,6.96,
2018-06-30,Udall,D,New Mexico,46,30,16,6.96,
2018-06-30,Gillibrand,D,New York,47,28,19,22.38,
2018-06-30,Schumer,D,New York,50,34,16,22.38,
2018-06-30,Burr,R,North Carolina,39,33,6,6.02,
2018-06-30,Tillis,R,North Carolina,35,35,0,6.02,
2018-06-30,Heitkamp,D,North Dakota,44,44,0,-35.91,
2018-06-30,Hoeven,R,North Dakota,57,26,31,35.91,
2018-06-30,Brown,D,Ohio,44,29,15,-7.35,
2018-06-30,Portman,R,Ohio,38,33,5,7.35,
2018-06-30,Inhofe,R,Oklahoma,38,40,-2,39.74,
2018-06-30,Lankford,R,Oklahoma,40,38,2,39.74,
2018-06-30,Merkley,D,Oregon,50,26,24,9.6,
2018-06-30,Wyden,D,Oregon,54,26,28,9.6,
2018-06-30,Casey,D,Pennsylvania,42,32,10,-1.52,
2018-06-30,Toomey,R,Pennsylvania,35,39,-4,1.52,
2018-06-30,Reed,D,Rhode Island,57,23,34,17.66,
2018-06-30,Whitehouse,D,Rhode Island,51,30,21,17.66,
2018-06-30,Graham,R,South Carolina,41,40,1,16.31,
2018-06-30,T. Scott,R,South Carolina,53,22,31,16.31,
2018-06-30,Rounds,R,South Dakota,58,26,32,30.14,
2018-06-30,Thune,R,South Dakota,62,25,37,30.14,
2018-06-30,Alexander,R,Tennessee,43,34,9,27.84,
2018-06-30,Corker,R,Tennessee,41,37,4,27.84,
2018-06-30,Cornyn,R,Texas,42,29,13,14.29,
2018-06-30,Cruz,R,Texas,48,35,13,14.29,
2018-06-30,Lee,R,Utah,48,29,19,36.75,
2018-06-30,Hatch,R,Utah,44,40,4,36.75,
2018-06-30,Leahy,D,Vermont,56,32,24,29.71,
2018-06-30,Sanders,I,Vermont,63,32,31,29.71,
2018-06-30,Kaine,D,Virginia,45,35,10,2.29,
2018-06-30,Warner,D,Virginia,50,30,20,2.29,
2018-06-30,Cantwell,D,Washington,50,28,22,14,
2018-06-30,Murray,D,Washington,51,30,21,14,
2018-06-30,Moore Capito,R,West Virginia,46,34,12,41.58,
2018-06-30,Manchin,D,West Virginia,45,43,2,-41.58,
2018-06-30,Baldwin,D,Wisconsin,44,39,5,-0.84,
2018-06-30,Johnson,R,Wisconsin,39,39,0,0.84,
2018-06-30,Barrasso,R,Wyoming,52,33,19,51.08,
2018-06-30,Enzi,R,Wyoming,52,31,21,51.08,
2018-03-31,Jones,D,Alabama,47,25,22,-29.43,
2018-03-31,Shelby,R,Alabama,51,30,21,29.43,
2018-03-31,Murkowski,R,Alaska,44,42,2,18.83,
2018-03-31,Sullivan,R,Alaska,46,29,17,18.83,
2018-03-31,McCain,R,Arizona,41,48,-7,8.3,
2018-03-31,Flake,R,Arizona,32,50,-18,8.3,
2018-03-31,Boozman,R,Arkansas,47,29,18,29.96,
2018-03-31,Cotton,R,Arkansas,48,34,14,29.96,
2018-03-31,Feinstein,D,California,45,36,9,26.71,
2018-03-31,Harris,D,California,44,28,16,26.71,
2018-03-31,Bennet,D,Colorado,43,32,11,2.62,
2018-03-31,Gardner,R,Colorado,40,36,4,-2.62,
2018-03-31,Blumenthal,D,Connecticut,50,38,12,12.57,
2018-03-31,Murphy,D,Connecticut,50,34,16,12.57,
2018-03-31,Carper,D,Delaware,52,27,25,11.46,
2018-03-31,Coons,D,Delaware,48,31,17,11.46,
2018-03-31,Rubio,R,Florida,44,40,4,3.36,
2018-03-31,Nelson,D,Florida,47,29,18,-3.36,
2018-03-31,Isakson,R,Georgia,47,25,22,8.96,
2018-03-31,Perdue,R,Georgia,48,26,22,8.96,
2018-03-31,Hirono,D,Hawaii,51,30,21,35.09,
2018-03-31,Schatz,D,Hawaii,55,26,29,35.09,
2018-03-31,Crapo,R,Idaho,45,34,11,38.1,
2018-03-31,Risch,R,Idaho,44,29,15,38.1,
2018-03-31,Duckworth,D,Illinois,42,33,9,14.96,
2018-03-31,Durbin,D,Illinois,37,40,-3,14.96,
2018-03-31,Young,R,Indiana,44,27,17,19.76,
2018-03-31,Donnelly,D,Indiana,42,32,10,-19.76,
2018-03-31,Ernst,R,Iowa,42,37,5,7.33,
2018-03-31,Grassley,R,Iowa,45,38,7,7.33,
2018-03-31,Moran,R,Kansas,42,32,10,24.98,
2018-03-31,Roberts,R,Kansas,37,39,-2,24.98,
2018-03-31,McConnell,R,Kentucky,34,52,-18,31.44,
2018-03-31,Paul,R,Kentucky,45,37,8,31.44,
2018-03-31,Cassidy,R,Louisiana,47,28,19,22.18,
2018-03-31,Kennedy,R,Louisiana,51,23,28,22.18,
2018-03-31,Collins,R,Maine,56,35,21,-4.58,
2018-03-31,King,I,Maine,58,29,29,4.58,
2018-03-31,Cardin,D,Maryland,50,23,27,24.78,
2018-03-31,Van Hollen,D,Maryland,48,22,26,24.78,
2018-03-31,Markey,D,Massachusetts,52,24,28,24.6,
2018-03-31,Warren,D,Massachusetts,54,35,19,24.6,
2018-03-31,Peters,D,Michigan,36,29,7,0.32,
2018-03-31,Stabenow,D,Michigan,42,38,4,0.32,
2018-03-31,Klobuchar,D,Minnesota,60,25,35,1.04,
2018-03-31,Smith,D,Minnesota,33,21,12,1.04,
2018-03-31,Cochran,R,Mississippi,47,28,19,18.67,
2018-03-31,Wicker,R,Mississippi,45,28,17,18.67,
2018-03-31,Blunt,R,Missouri,39,39,0,19.03,
2018-03-31,McCaskill,D,Missouri,39,44,-5,-19.03,
2018-03-31,Daines,R,Montana,49,34,15,22.24,
2018-03-31,Tester,D,Montana,56,33,23,-22.24,
2018-03-31,Fischer,R,Nebraska,43,35,8,28.28,
2018-03-31,Sasse,R,Nebraska,42,33,9,28.28,
2018-03-31,Cortez Masto,D,Nevada,43,33,10,1.16,
2018-03-31,Heller,R,Nevada,37,40,-3,-1.16,
2018-03-31,Hassan,D,New Hampshire,53,35,18,-0.63,
2018-03-31,Shaheen,D,New Hampshire,52,34,18,-0.63,
2018-03-31,Booker,D,New Jersey,49,30,19,12.88,
2018-03-31,Menendez,D,New Jersey,34,38,-4,12.88,
2018-03-31,Heinrich,D,New Mexico,41,34,7,6.96,
2018-03-31,Udall,D,New Mexico,44,34,10,6.96,
2018-03-31,Gillibrand,D,New York,47,28,19,22.38,
2018-03-31,Schumer,D,New York,50,34,16,22.38,
2018-03-31,Burr,R,North Carolina,40,33,7,6.02,
2018-03-31,Tillis,R,North Carolina,37,34,3,6.02,
2018-03-31,Heitkamp,D,North Dakota,47,39,8,-35.91,
2018-03-31,Hoeven,R,North Dakota,57,26,31,35.91,
2018-03-31,Brown,D,Ohio,46,29,17,-7.35,
2018-03-31,Portman,R,Ohio,41,32,9,7.35,
2018-03-31,Inhofe,R,Oklahoma,42,34,8,39.74,
2018-03-31,Lankford,R,Oklahoma,44,32,12,39.74,
2018-03-31,Merkley,D,Oregon,48,28,20,9.6,
2018-03-31,Wyden,D,Oregon,51,27,24,9.6,
2018-03-31,Casey,D,Pennsylvania,42,32,10,-1.52,
2018-03-31,Toomey,R,Pennsylvania,37,39,-2,1.52,
2018-03-31,Reed,D,Rhode Island,55,24,31,17.66,
2018-03-31,Whitehouse,D,Rhode Island,49,32,17,17.66,
2018-03-31,Graham,R,South Carolina,41,41,0,16.31,
2018-03-31,T. Scott,R,South Carolina,52,23,29,16.31,
2018-03-31,Rounds,R,South Dakota,58,27,31,30.14,
2018-03-31,Thune,R,South Dakota,62,26,36,30.14,
2018-03-31,Alexander,R,Tennessee,45,32,13,27.84,
2018-03-31,Corker,R,Tennessee,42,37,5,27.84,
2018-03-31,Cornyn,R,Texas,43,28,15,14.29,
2018-03-31,Cruz,R,Texas,49,34,15,14.29,
2018-03-31,Lee,R,Utah,49,29,20,36.75,
2018-03-31,Hatch,R,Utah,46,39,7,36.75,
2018-03-31,Leahy,D,Vermont,65,23,42,29.71,
2018-03-31,Sanders,I,Vermont,72,23,49,29.71,
2018-03-31,Kaine,D,Virginia,45,35,10,2.29,
2018-03-31,Warner,D,Virginia,49,30,19,2.29,
2018-03-31,Cantwell,D,Washington,51,28,23,14,
2018-03-31,Murray,D,Washington,53,30,23,14,
2018-03-31,Moore Capito,R,West Virginia,45,35,10,41.58,
2018-03-31,Manchin,D,West Virginia,43,44,-1,-41.58,
2018-03-31,Baldwin,D,Wisconsin,40,42,-2,-0.84,
2018-03-31,Johnson,R,Wisconsin,40,39,1,0.84,
2018-03-31,Barrasso,R,Wyoming,59,28,31,51.08,
2018-03-31,Enzi,R,Wyoming,59,25,34,51.08,
2017-12-31,Strange,R,Alabama,42,34,8,29.43,
2017-12-31,Shelby,R,Alabama,50,28,22,29.43,
2017-12-31,Murkowski,R,Alaska,45,41,4,18.83,
2017-12-31,Sullivan,R,Alaska,50,32,18,18.83,
2017-12-31,McCain,R,Arizona,44,44,0,8.3,
2017-12-31,Flake,R,Arizona,32,49,-17,8.3,
2017-12-31,Boozman,R,Arkansas,45,29,16,29.96,
2017-12-31,Cotton,R,Arkansas,49,32,17,29.96,
2017-12-31,Feinstein,D,California,47,35,12,26.71,
2017-12-31,Harris,D,California,46,27,19,26.71,
2017-12-31,Bennet,D,Colorado,45,31,14,2.62,
2017-12-31,Gardner,R,Colorado,41,36,5,-2.62,
2017-12-31,Blumenthal,D,Connecticut,51,37,14,12.57,
2017-12-31,Murphy,D,Connecticut,49,34,15,12.57,
2017-12-31,Carper,D,Delaware,58,24,34,11.46,
2017-12-31,Coons,D,Delaware,51,28,23,11.46,
2017-12-31,Rubio,R,Florida,47,37,10,3.36,
2017-12-31,Nelson,D,Florida,51,26,25,-3.36,
2017-12-31,Isakson,R,Georgia,48,27,21,8.96,
2017-12-31,Perdue,R,Georgia,49,26,23,8.96,
2017-12-31,Hirono,D,Hawaii,60,26,34,35.09,
2017-12-31,Schatz,D,Hawaii,63,21,42,35.09,
2017-12-31,Crapo,R,Idaho,50,32,18,38.1,
2017-12-31,Risch,R,Idaho,46,29,17,38.1,
2017-12-31,Duckworth,D,Illinois,42,33,9,14.96,
2017-12-31,Durbin,D,Illinois,39,38,1,14.96,
2017-12-31,Young,R,Indiana,42,28,14,19.76,
2017-12-31,Donnelly,D,Indiana,44,30,14,-19.76,
2017-12-31,Ernst,R,Iowa,44,35,9,7.33,
2017-12-31,Grassley,R,Iowa,47,36,11,7.33,
2017-12-31,Moran,R,Kansas,41,34,7,24.98,
2017-12-31,Roberts,R,Kansas,36,40,-4,24.98,
2017-12-31,McConnell,R,Kentucky,32,53,-21,31.44,
2017-12-31,Paul,R,Kentucky,45,38,7,31.44,
2017-12-31,Cassidy,R,Louisiana,46,28,18,22.18,
2017-12-31,Kennedy,R,Louisiana,49,25,24,22.18,
2017-12-31,Collins,R,Maine,61,32,29,-4.58,
2017-12-31,King,I,Maine,59,28,31,4.58,
2017-12-31,Cardin,D,Maryland,50,24,26,24.78,
2017-12-31,Van Hollen,D,Maryland,48,23,25,24.78,
2017-12-31,Markey,D,Massachusetts,51,23,28,24.6,
2017-12-31,Warren,D,Massachusetts,52,35,17,24.6,
2017-12-31,Peters,D,Michigan,37,27,10,0.32,
2017-12-31,Stabenow,D,Michigan,44,35,9,0.32,
2017-12-31,Klobuchar,D,Minnesota,59,24,35,1.04,
2017-12-31,Franken,D,Minnesota,50,37,13,1.04,
2017-12-31,Cochran,R,Mississippi,48,29,19,18.67,
2017-12-31,Wicker,R,Mississippi,44,29,15,18.67,
2017-12-31,Blunt,R,Missouri,40,37,3,19.03,
2017-12-31,McCaskill,D,Missouri,41,41,0,-19.03,
2017-12-31,Daines,R,Montana,49,31,18,22.24,
2017-12-31,Tester,D,Montana,47,40,7,-22.24,
2017-12-31,Fischer,R,Nebraska,46,34,12,28.28,
2017-12-31,Sasse,R,Nebraska,43,33,10,28.28,
2017-12-31,Cortez Masto,D,Nevada,45,31,14,1.16,
2017-12-31,Heller,R,Nevada,41,39,2,-1.16,
2017-12-31,Hassan,D,New Hampshire,51,31,20,-0.63,
2017-12-31,Shaheen,D,New Hampshire,51,33,18,-0.63,
2017-12-31,Booker,D,New Jersey,48,31,17,12.88,
2017-12-31,Menendez,D,New Jersey,29,45,-16,12.88,
2017-12-31,Heinrich,D,New Mexico,46,29,17,6.96,
2017-12-31,Udall,D,New Mexico,49,29,20,6.96,
2017-12-31,Gillibrand,D,New York,51,26,25,22.38,
2017-12-31,Schumer,D,New York,55,30,25,22.38,
2017-12-31,Burr,R,North Carolina,41,33,8,6.02,
2017-12-31,Tillis,R,North Carolina,37,33,4,6.02,
2017-12-31,Heitkamp,D,North Dakota,50,33,17,-35.91,
2017-12-31,Hoeven,R,North Dakota,54,25,29,35.91,
2017-12-31,Brown,D,Ohio,46,28,18,-7.35,
2017-12-31,Portman,R,Ohio,41,32,9,7.35,
2017-12-31,Inhofe,R,Oklahoma,44,35,9,39.74,
2017-12-31,Lankford,R,Oklahoma,45,32,13,39.74,
2017-12-31,Merkley,D,Oregon,49,26,23,9.6,
2017-12-31,Wyden,D,Oregon,52,26,26,9.6,
2017-12-31,Casey,D,Pennsylvania,43,32,11,-1.52,
2017-12-31,Toomey,R,Pennsylvania,38,39,-1,1.52,
2017-12-31,Reed,D,Rhode Island,51,28,23,17.66,
2017-12-31,Whitehouse,D,Rhode Island,46,31,15,17.66,
2017-12-31,Graham,R,South Carolina,44,37,7,16.31,
2017-12-31,T. Scott,R,South Carolina,54,21,33,16.31,
2017-12-31,Rounds,R,South Dakota,56,32,24,30.14,
2017-12-31,Thune,R,South Dakota,59,32,27,30.14,
2017-12-31,Alexander,R,Tennessee,46,32,14,27.84,
2017-12-31,Corker,R,Tennessee,43,36,7,27.84,
2017-12-31,Cornyn,R,Texas,45,28,17,14.29,
2017-12-31,Cruz,R,Texas,50,32,18,14.29,
2017-12-31,Lee,R,Utah,52,26,26,36.75,
2017-12-31,Hatch,R,Utah,49,37,12,36.75,
2017-12-31,Leahy,D,Vermont,62,24,38,29.71,
2017-12-31,Sanders,I,Vermont,68,26,42,29.71,
2017-12-31,Kaine,D,Virginia,45,35,10,2.29,
2017-12-31,Warner,D,Virginia,49,29,20,2.29,
2017-12-31,Cantwell,D,Washington,51,27,24,14,
2017-12-31,Murray,D,Washington,53,30,23,14,
2017-12-31,Moore Capito,R,West Virginia,48,34,14,41.58,
2017-12-31,Manchin,D,West Virginia,52,36,16,-41.58,
2017-12-31,Baldwin,D,Wisconsin,40,40,0,-0.84,
2017-12-31,Johnson,R,Wisconsin,39,40,-1,0.84,
2017-12-31,Barrasso,R,Wyoming,61,24,37,51.08,
2017-12-31,Enzi,R,Wyoming,62,24,38,51.08,
2017-09-30,Strange,R,Alabama,44,34,10,29.43,
2017-09-30,Shelby,R,Alabama,53,27,26,29.43,
2017-09-30,Murkowski,R,Alaska,49,38,11,18.83,
2017-09-30,Sullivan,R,Alaska,49,32,17,18.83,
2017-09-30,McCain,R,Arizona,46,44,2,8.3,
2017-09-30,Flake,R,Arizona,33,48,-15,8.3,
2017-09-30,Boozman,R,Arkansas,52,23,29,29.96,
2017-09-30,Cotton,R,Arkansas,55,27,28,29.96,
2017-09-30,Feinstein,D,California,47,33,14,26.71,
2017-09-30,Harris,D,California,46,26,20,26.71,
2017-09-30,Bennet,D,Colorado,46,30,16,2.62,
2017-09-30,Gardner,R,Colorado,40,39,1,-2.62,
2017-09-30,Blumenthal,D,Connecticut,54,34,20,12.57,
2017-09-30,Murphy,D,Connecticut,53,31,22,12.57,
2017-09-30,Carper,D,Delaware,55,24,31,11.46,
2017-09-30,Coons,D,Delaware,48,29,19,11.46,
2017-09-30,Rubio,R,Florida,47,37,10,3.36,
2017-09-30,Nelson,D,Florida,50,26,24,-3.36,
2017-09-30,Isakson,R,Georgia,49,26,23,8.96,
2017-09-30,Perdue,R,Georgia,51,26,25,8.96,
2017-09-30,Hirono,D,Hawaii,60,24,36,35.09,
2017-09-30,Schatz,D,Hawaii,60,22,38,35.09,
2017-09-30,Crapo,R,Idaho,50,30,20,38.1,
2017-09-30,Risch,R,Idaho,43,29,14,38.1,
2017-09-30,Duckworth,D,Illinois,41,32,9,14.96,
2017-09-30,Durbin,D,Illinois,37,38,-1,14.96,
2017-09-30,Young,R,Indiana,45,26,19,19.76,
2017-09-30,Donnelly,D,Indiana,47,26,21,-19.76,
2017-09-30,Ernst,R,Iowa,45,36,9,7.33,
2017-09-30,Grassley,R,Iowa,50,35,15,7.33,
2017-09-30,Moran,R,Kansas,44,34,10,24.98,
2017-09-30,Roberts,R,Kansas,39,40,-1,24.98,
2017-09-30,McConnell,R,Kentucky,33,55,-22,31.44,
2017-09-30,Paul,R,Kentucky,48,36,12,31.44,
2017-09-30,Cassidy,R,Louisiana,47,30,17,22.18,
2017-09-30,Kennedy,R,Louisiana,50,25,25,22.18,
2017-09-30,Collins,R,Maine,62,30,32,-4.58,
2017-09-30,King,I,Maine,61,27,34,4.58,
2017-09-30,Cardin,D,Maryland,50,23,27,24.78,
2017-09-30,Van Hollen,D,Maryland,48,23,25,24.78,
2017-09-30,Markey,D,Massachusetts,49,22,27,24.6,
2017-09-30,Warren,D,Massachusetts,54,35,19,24.6,
2017-09-30,Peters,D,Michigan,37,28,9,0.32,
2017-09-30,Stabenow,D,Michigan,45,36,9,0.32,
2017-09-30,Klobuchar,D,Minnesota,59,26,33,1.04,
2017-09-30,Franken,D,Minnesota,55,32,23,1.04,
2017-09-30,Cochran,R,Mississippi,51,27,24,18.67,
2017-09-30,Wicker,R,Mississippi,49,26,23,18.67,
2017-09-30,Blunt,R,Missouri,44,36,8,19.03,
2017-09-30,McCaskill,D,Missouri,42,39,3,-19.03,
2017-09-30,Daines,R,Montana,49,32,17,22.24,
2017-09-30,Tester,D,Montana,53,33,20,-22.24,
2017-09-30,Fischer,R,Nebraska,45,35,10,28.28,
2017-09-30,Sasse,R,Nebraska,46,34,12,28.28,
2017-09-30,Cortez Masto,D,Nevada,45,32,13,1.16,
2017-09-30,Heller,R,Nevada,39,39,0,-1.16,
2017-09-30,Hassan,D,New Hampshire,53,31,22,-0.63,
2017-09-30,Shaheen,D,New Hampshire,50,33,17,-0.63,
2017-09-30,Booker,D,New Jersey,48,30,18,12.88,
2017-09-30,Menendez,D,New Jersey,32,45,-13,12.88,
2017-09-30,Heinrich,D,New Mexico,46,31,15,6.96,
2017-09-30,Udall,D,New Mexico,45,31,14,6.96,
2017-09-30,Gillibrand,D,New York,49,24,25,22.38,
2017-09-30,Schumer,D,New York,55,29,26,22.38,
2017-09-30,Burr,R,North Carolina,42,32,10,6.02,
2017-09-30,Tillis,R,North Carolina,38,31,7,6.02,
2017-09-30,Heitkamp,D,North Dakota,55,32,23,-35.91,
2017-09-30,Hoeven,R,North Dakota,63,20,43,35.91,
2017-09-30,Brown,D,Ohio,47,28,19,-7.35,
2017-09-30,Portman,R,Ohio,43,31,12,7.35,
2017-09-30,Inhofe,R,Oklahoma,45,34,11,39.74,
2017-09-30,Lankford,R,Oklahoma,48,28,20,39.74,
2017-09-30,Merkley,D,Oregon,53,24,29,9.6,
2017-09-30,Wyden,D,Oregon,56,23,33,9.6,
2017-09-30,Casey,D,Pennsylvania,43,32,11,-1.52,
2017-09-30,Toomey,R,Pennsylvania,39,38,1,1.52,
2017-09-30,Reed,D,Rhode Island,51,28,23,17.66,
2017-09-30,Whitehouse,D,Rhode Island,49,32,17,17.66,
2017-09-30,Graham,R,South Carolina,44,39,5,16.31,
2017-09-30,T. Scott,R,South Carolina,55,22,33,16.31,
2017-09-30,Rounds,R,South Dakota,51,32,19,30.14,
2017-09-30,Thune,R,South Dakota,56,31,25,30.14,
2017-09-30,Alexander,R,Tennessee,45,31,14,27.84,
2017-09-30,Corker,R,Tennessee,48,30,18,27.84,
2017-09-30,Cornyn,R,Texas,46,27,19,14.29,
2017-09-30,Cruz,R,Texas,52,32,20,14.29,
2017-09-30,Lee,R,Utah,52,30,22,36.75,
2017-09-30,Hatch,R,Utah,46,41,5,36.75,
2017-09-30,Leahy,D,Vermont,67,22,45,29.71,
2017-09-30,Sanders,I,Vermont,71,22,49,29.71,
2017-09-30,Kaine,D,Virginia,48,35,13,2.29,
2017-09-30,Warner,D,Virginia,53,28,25,2.29,
2017-09-30,Cantwell,D,Washington,50,28,22,14,
2017-09-30,Murray,D,Washington,51,32,19,14,
2017-09-30,Moore Capito,R,West Virginia,48,36,12,41.58,
2017-09-30,Manchin,D,West Virginia,53,36,17,-41.58,
2017-09-30,Baldwin,D,Wisconsin,41,38,3,-0.84,
2017-09-30,Johnson,R,Wisconsin,41,39,2,0.84,
2017-09-30,Barrasso,R,Wyoming,53,26,27,51.08,
2017-09-30,Enzi,R,Wyoming,53,25,28,51.08,
2017-06-30,Strange,R,Alabama,44,30,14,29.43,
2017-06-30,Shelby,R,Alabama,53,29,24,29.43,
2017-06-30,Murkowski,R,Alaska,55,37,18,18.83,
2017-06-30,Sullivan,R,Alaska,51,35,16,18.83,
2017-06-30,McCain,R,Arizona,43,47,-4,8.3,
2017-06-30,Flake,R,Arizona,37,45,-8,8.3,
2017-06-30,Boozman,R,Arkansas,49,28,21,29.96,
2017-06-30,Cotton,R,Arkansas,51,32,19,29.96,
2017-06-30,Feinstein,D,California,51,33,18,26.71,
2017-06-30,Harris,D,California,51,24,27,26.71,
2017-06-30,Bennet,D,Colorado,49,28,21,2.62,
2017-06-30,Gardner,R,Colorado,48,29,19,-2.62,
2017-06-30,Blumenthal,D,Connecticut,56,34,22,12.57,
2017-06-30,Murphy,D,Connecticut,53,33,20,12.57,
2017-06-30,Carper,D,Delaware,58,26,32,11.46,
2017-06-30,Coons,D,Delaware,52,31,21,11.46,
2017-06-30,Rubio,R,Florida,49,37,12,3.36,
2017-06-30,Nelson,D,Florida,53,25,28,-3.36,
2017-06-30,Isakson,R,Georgia,51,26,25,8.96,
2017-06-30,Perdue,R,Georgia,53,26,27,8.96,
2017-06-30,Hirono,D,Hawaii,67,23,44,35.09,
2017-06-30,Schatz,D,Hawaii,69,21,48,35.09,
2017-06-30,Crapo,R,Idaho,58,29,29,38.1,
2017-06-30,Risch,R,Idaho,53,25,28,38.1,
2017-06-30,Duckworth,D,Illinois,48,30,18,14.96,
2017-06-30,Durbin,D,Illinois,45,36,9,14.96,
2017-06-30,Young,R,Indiana,48,28,20,19.76,
2017-06-30,Donnelly,D,Indiana,53,25,28,-19.76,
2017-06-30,Ernst,R,Iowa,47,35,12,7.33,
2017-06-30,Grassley,R,Iowa,52,35,17,7.33,
2017-06-30,Moran,R,Kansas,45,30,15,24.98,
2017-06-30,Roberts,R,Kansas,43,35,8,24.98,
2017-06-30,McConnell,R,Kentucky,41,48,-7,31.44,
2017-06-30,Paul,R,Kentucky,50,38,12,31.44,
2017-06-30,Cassidy,R,Louisiana,51,27,24,22.18,
2017-06-30,Kennedy,R,Louisiana,54,24,30,22.18,
2017-06-30,Collins,R,Maine,65,26,39,-4.58,
2017-06-30,King,I,Maine,62,25,37,4.58,
2017-06-30,Cardin,D,Maryland,53,21,32,24.78,
2017-06-30,Van Hollen,D,Maryland,51,23,28,24.78,
2017-06-30,Markey,D,Massachusetts,55,22,33,24.6,
2017-06-30,Warren,D,Massachusetts,57,35,22,24.6,
2017-06-30,Peters,D,Michigan,38,29,9,0.32,
2017-06-30,Stabenow,D,Michigan,45,37,8,0.32,
2017-06-30,Klobuchar,D,Minnesota,59,28,31,1.04,
2017-06-30,Franken,D,Minnesota,56,33,23,1.04,
2017-06-30,Cochran,R,Mississippi,53,28,25,18.67,
2017-06-30,Wicker,R,Mississippi,51,24,27,18.67,
2017-06-30,Blunt,R,Missouri,46,37,9,19.03,
2017-06-30,McCaskill,D,Missouri,46,38,8,-19.03,
2017-06-30,Daines,R,Montana,53,30,23,22.24,
2017-06-30,Tester,D,Montana,50,39,11,-22.24,
2017-06-30,Fischer,R,Nebraska,49,33,16,28.28,
2017-06-30,Sasse,R,Nebraska,52,28,24,28.28,
2017-06-30,Cortez Masto,D,Nevada,44,33,11,1.16,
2017-06-30,Heller,R,Nevada,41,33,8,-1.16,
2017-06-30,Hassan,D,New Hampshire,52,33,19,-0.63,
2017-06-30,Shaheen,D,New Hampshire,54,31,23,-0.63,
2017-06-30,Booker,D,New Jersey,50,32,18,12.88,
2017-06-30,Menendez,D,New Jersey,39,38,1,12.88,
2017-06-30,Heinrich,D,New Mexico,48,30,18,6.96,
2017-06-30,Udall,D,New Mexico,53,27,26,6.96,
2017-06-30,Gillibrand,D,New York,53,23,30,22.38,
2017-06-30,Schumer,D,New York,59,29,30,22.38,
2017-06-30,Burr,R,North Carolina,45,32,13,6.02,
2017-06-30,Tillis,R,North Carolina,41,31,10,6.02,
2017-06-30,Heitkamp,D,North Dakota,60,28,32,-35.91,
2017-06-30,Hoeven,R,North Dakota,66,17,49,35.91,
2017-06-30,Brown,D,Ohio,50,29,21,-7.35,
2017-06-30,Portman,R,Ohio,50,28,22,7.35,
2017-06-30,Inhofe,R,Oklahoma,50,31,19,39.74,
2017-06-30,Lankford,R,Oklahoma,52,26,26,39.74,
2017-06-30,Merkley,D,Oregon,57,24,33,9.6,
2017-06-30,Wyden,D,Oregon,61,24,37,9.6,
2017-06-30,Casey,D,Pennsylvania,46,31,15,-1.52,
2017-06-30,Toomey,R,Pennsylvania,45,36,9,1.52,
2017-06-30,Reed,D,Rhode Island,51,29,22,17.66,
2017-06-30,Whitehouse,D,Rhode Island,46,35,11,17.66,
2017-06-30,Graham,R,South Carolina,48,38,10,16.31,
2017-06-30,T. Scott,R,South Carolina,59,20,39,16.31,
2017-06-30,Rounds,R,South Dakota,62,29,33,30.14,
2017-06-30,Thune,R,South Dakota,64,26,38,30.14,
2017-06-30,Alexander,R,Tennessee,52,29,23,27.84,
2017-06-30,Corker,R,Tennessee,52,29,23,27.84,
2017-06-30,Cornyn,R,Texas,49,25,24,14.29,
2017-06-30,Cruz,R,Texas,55,32,23,14.29,
2017-06-30,Lee,R,Utah,54,29,25,36.75,
2017-06-30,Hatch,R,Utah,52,38,14,36.75,
2017-06-30,Leahy,D,Vermont,66,25,41,29.71,
2017-06-30,Sanders,I,Vermont,75,21,54,29.71,
2017-06-30,Kaine,D,Virginia,51,35,16,2.29,
2017-06-30,Warner,D,Virginia,58,28,30,2.29,
2017-06-30,Cantwell,D,Washington,54,28,26,14,
2017-06-30,Murray,D,Washington,56,30,26,14,
2017-06-30,Moore Capito,R,West Virginia,56,26,30,41.58,
2017-06-30,Manchin,D,West Virginia,57,31,26,-41.58,
2017-06-30,Baldwin,D,Wisconsin,42,38,4,-0.84,
2017-06-30,Johnson,R,Wisconsin,43,37,6,0.84,
2017-06-30,Barrasso,R,Wyoming,56,18,38,51.08,
2017-06-30,Enzi,R,Wyoming,57,17,40,51.08,
2017-03-31,,,Alabama,,,0,,
2017-03-31,Shelby,R,Alabama,61,26,35,29.43,
2017-03-31,Murkowski,R,Alaska,53,40,13,18.83,
2017-03-31,Sullivan,R,Alaska,54,34,20,18.83,
2017-03-31,McCain,R,Arizona,51,43,8,8.3,
2017-03-31,Flake,R,Arizona,44,38,6,8.3,
2017-03-31,Boozman,R,Arkansas,55,26,29,29.96,
2017-03-31,Cotton,R,Arkansas,58,30,28,29.96,
2017-03-31,Feinstein,D,California,53,33,20,26.71,
2017-03-31,Harris,D,California,52,23,29,26.71,
2017-03-31,Bennet,D,Colorado,54,26,28,2.62,
2017-03-31,Gardner,R,Colorado,49,30,19,-2.62,
2017-03-31,Blumenthal,D,Connecticut,58,33,25,12.57,
2017-03-31,Murphy,D,Connecticut,55,33,22,12.57,
2017-03-31,Carper,D,Delaware,65,22,43,11.46,
2017-03-31,Coons,D,Delaware,58,26,32,11.46,
2017-03-31,Rubio,R,Florida,52,38,14,3.36,
2017-03-31,Nelson,D,Florida,53,26,27,-3.36,
2017-03-31,Isakson,R,Georgia,56,23,33,8.96,
2017-03-31,Perdue,R,Georgia,55,24,31,8.96,
2017-03-31,Hirono,D,Hawaii,57,24,33,35.09,
2017-03-31,Schatz,D,Hawaii,65,16,49,35.09,
2017-03-31,Crapo,R,Idaho,58,29,29,38.1,
2017-03-31,Risch,R,Idaho,51,23,28,38.1,
2017-03-31,Duckworth,D,Illinois,52,27,25,14.96,
2017-03-31,Durbin,D,Illinois,50,34,16,14.96,
2017-03-31,Young,R,Indiana,48,25,23,19.76,
2017-03-31,Donnelly,D,Indiana,46,26,20,-19.76,
2017-03-31,Ernst,R,Iowa,47,37,10,7.33,
2017-03-31,Grassley,R,Iowa,56,35,21,7.33,
2017-03-31,Moran,R,Kansas,51,29,22,24.98,
2017-03-31,Roberts,R,Kansas,47,35,12,24.98,
2017-03-31,McConnell,R,Kentucky,44,47,-3,31.44,
2017-03-31,Paul,R,Kentucky,53,35,18,31.44,
2017-03-31,Cassidy,R,Louisiana,50,27,23,22.18,
2017-03-31,Kennedy,R,Louisiana,55,20,35,22.18,
2017-03-31,Collins,R,Maine,67,27,40,-4.58,
2017-03-31,King,I,Maine,67,23,44,4.58,
2017-03-31,Cardin,D,Maryland,54,21,33,24.78,
2017-03-31,Van Hollen,D,Maryland,52,20,32,24.78,
2017-03-31,Markey,D,Massachusetts,55,23,32,24.6,
2017-03-31,Warren,D,Massachusetts,56,38,18,24.6,
2017-03-31,Peters,D,Michigan,39,27,12,0.32,
2017-03-31,Stabenow,D,Michigan,47,38,9,0.32,
2017-03-31,Klobuchar,D,Minnesota,63,26,37,1.04,
2017-03-31,Franken,D,Minnesota,59,33,26,1.04,
2017-03-31,Cochran,R,Mississippi,57,28,29,18.67,
2017-03-31,Wicker,R,Mississippi,52,25,27,18.67,
2017-03-31,Blunt,R,Missouri,47,38,9,19.03,
2017-03-31,McCaskill,D,Missouri,47,39,8,-19.03,
2017-03-31,Daines,R,Montana,55,28,27,22.24,
2017-03-31,Tester,D,Montana,57,32,25,-22.24,
2017-03-31,Fischer,R,Nebraska,56,31,25,28.28,
2017-03-31,Sasse,R,Nebraska,55,26,29,28.28,
2017-03-31,Cortez Masto,D,Nevada,42,37,5,1.16,
2017-03-31,Heller,R,Nevada,43,32,11,-1.16,
2017-03-31,Hassan,D,New Hampshire,53,31,22,-0.63,
2017-03-31,Shaheen,D,New Hampshire,57,30,27,-0.63,
2017-03-31,Booker,D,New Jersey,50,32,18,12.88,
2017-03-31,Menendez,D,New Jersey,40,36,4,12.88,
2017-03-31,Heinrich,D,New Mexico,48,31,17,6.96,
2017-03-31,Udall,D,New Mexico,53,31,22,6.96,
2017-03-31,Gillibrand,D,New York,56,22,34,22.38,
2017-03-31,Schumer,D,New York,63,27,36,22.38,
2017-03-31,Burr,R,North Carolina,44,35,9,6.02,
2017-03-31,Tillis,R,North Carolina,39,30,9,6.02,
2017-03-31,Heitkamp,D,North Dakota,60,32,28,-35.91,
2017-03-31,Hoeven,R,North Dakota,65,23,42,35.91,
2017-03-31,Brown,D,Ohio,52,30,22,-7.35,
2017-03-31,Portman,R,Ohio,53,27,26,7.35,
2017-03-31,Inhofe,R,Oklahoma,57,27,30,39.74,
2017-03-31,Lankford,R,Oklahoma,57,24,33,39.74,
2017-03-31,Merkley,D,Oregon,59,23,36,9.6,
2017-03-31,Wyden,D,Oregon,65,22,43,9.6,
2017-03-31,Casey,D,Pennsylvania,49,29,20,-1.52,
2017-03-31,Toomey,R,Pennsylvania,47,38,9,1.52,
2017-03-31,Reed,D,Rhode Island,63,21,42,17.66,
2017-03-31,Whitehouse,D,Rhode Island,59,28,31,17.66,
2017-03-31,Graham,R,South Carolina,46,40,6,16.31,
2017-03-31,T. Scott,R,South Carolina,59,19,40,16.31,
2017-03-31,Rounds,R,South Dakota,61,28,33,30.14,
2017-03-31,Thune,R,South Dakota,66,27,39,30.14,
2017-03-31,Alexander,R,Tennessee,55,29,26,27.84,
2017-03-31,Corker,R,Tennessee,57,26,31,27.84,
2017-03-31,Cornyn,R,Texas,49,23,26,14.29,
2017-03-31,Cruz,R,Texas,57,31,26,14.29,
2017-03-31,Lee,R,Utah,56,27,29,36.75,
2017-03-31,Hatch,R,Utah,53,36,17,36.75,
2017-03-31,Leahy,D,Vermont,70,22,48,29.71,
2017-03-31,Sanders,I,Vermont,75,21,54,29.71,
2017-03-31,Kaine,D,Virginia,50,36,14,2.29,
2017-03-31,Warner,D,Virginia,59,27,32,2.29,
2017-03-31,Cantwell,D,Washington,56,27,29,14,
2017-03-31,Murray,D,Washington,59,29,30,14,
2017-03-31,Moore Capito,R,West Virginia,59,26,33,41.58,
2017-03-31,Manchin,D,West Virginia,57,33,24,-41.58,
2017-03-31,Baldwin,D,Wisconsin,44,38,6,-0.84,
2017-03-31,Johnson,R,Wisconsin,48,37,11,0.84,
2017-03-31,Barrasso,R,Wyoming,69,17,52,51.08,
2017-03-31,Enzi,R,Wyoming,68,18,50,51.08,
